MariaDB [(none)]> SHOW DATABASE;ERROR 1064 (42000): You have an error in your SQL syntax; check the manual that corresponds to your MariaDB server version for the right syntax to use near 'DATABASE' at line 1MariaDB [(none)]> SHOW DATABASES;+--------------------+| Database |+--------------------+| db_komentar || db_master || db_pembelajaran || db_penjualan || dbkuliah || dbtokosaya || information_schema || mysql || performance_schema || phpmyadmin || test |+--------------------+11 rows in set (0.006 sec)
MariaDB [(none)]> USE dbkuliah;Database changedMariaDB [dbkuliah]> SHOW TABLES;+--------------------+| Tables_in_dbkuliah |+--------------------+| jurusan || mahasiswa |+--------------------+2 rows in set (0.374 sec)
MariaDB [dbkuliah]> SHOW TABLES jurusan;ERROR 1064 (42000): You have an error in your SQL syntax; check the manual that corresponds to your MariaDB server version for the right syntax to use near 'jurusan' at line 1MariaDB [dbkuliah]> DESC jurusan;+-------+-------------+------+-----+---------+----------------+| Field | Type | Null | Key | Default | Extra |+-------+-------------+------+-----+---------+----------------+| id | int(11) | NO | PRI | NULL | auto_increment || nama | varchar(50) | NO | UNI | NULL | |+-------+-------------+------+-----+---------+----------------+2 rows in set (0.163 sec)
MariaDB [dbkuliah]> DESC mahasiswa;+-----------+--------------+------+-----+---------+----------------+| Field | Type | Null | Key | Default | Extra |+-----------+--------------+------+-----+---------+----------------+| id | int(11) | NO | PRI | NULL | auto_increment || nim | int(11) | NO | UNI | NULL | || nama | varchar(30) | NO | | NULL | || alamt | varchar(200) | NO | | NULL | || idjurusan | int(11) | NO | | NULL | || foto | varchar(30) | YES | | NULL | |+-----------+--------------+------+-----+---------+----------------+6 rows in set (0.103 sec)
MariaDB [dbkuliah]> INSERT INTO mahasiswa (nim,nama,alamt,idjurusan,foto) VALUES-> (0110223259,'Wulan Ramadani','Kelapa Dua',1,'wulan.jpg'),-> (0110223238,'Luthfiyah Syaharani','Sugutamu',3,'lulu.jpg'),-> (0110223232,'Bilqis Rhamadanti','Cijantung',5,'bilqis.jpg'),-> (0110223173,'Kholilah Nurafifah','Pondok Duta',2,'kholilah.jpg'),-> (0110223173,'Kholilah Nurafifah','Pondok Duta',2,'.jpg');ERROR 1062 (23000): Duplicate entry '110223173' for key 'nim'MariaDB [dbkuliah]> INSERT INTO mahasiswa (nim,nama,alamt,idjurusan,foto) VALUES-> (0110223259,'Wulan Ramadani','Kelapa Dua',1,'wulan.jpg'),-> (0110223238,'Luthfiyah Syaharani','Sugutamu',3,'lulu.jpg'),-> (0110223232,'Bilqis Rhamadanti','Cijantung',5,'bilqis.jpg'),-> (0110223173,'Kholilah Nurafifah','Pondok Duta',2,'kholilah.jpg'),-> (0110223172,'Aisyah Nurul Fitriah','Jakarta Timur',4,'aisyah.jpg');Query OK, 5 rows affected (0.743 sec)Records: 5 Duplicates: 0 Warnings: 0
MariaDB [dbkuliah]> SELECT * FROM mahasiswa-> ;+----+-----------+----------------------+---------------+-----------+--------------+| id | nim | nama | alamt | idjurusan | foto |+----+-----------+----------------------+---------------+-----------+--------------+| 6 | 110223259 | Wulan Ramadani | Kelapa Dua | 1 | wulan.jpg || 7 | 110223238 | Luthfiyah Syaharani | Sugutamu | 3 | lulu.jpg || 8 | 110223232 | Bilqis Rhamadanti | Cijantung | 5 | bilqis.jpg || 9 | 110223173 | Kholilah Nurafifah | Pondok Duta | 2 | kholilah.jpg || 10 | 110223172 | Aisyah Nurul Fitriah | Jakarta Timur | 4 | aisyah.jpg |+----+-----------+----------------------+---------------+-----------+--------------+5 rows in set (0.001 sec)
MariaDB [dbkuliah]> SELECT * FROM mahasiswa;+----+-----------+----------------------+---------------+-----------+--------------+| id | nim | nama | alamt | idjurusan | foto |+----+-----------+----------------------+---------------+-----------+--------------+| 6 | 110223259 | Wulan Ramadani | Kelapa Dua | 1 | wulan.jpg || 7 | 110223238 | Luthfiyah Syaharani | Sugutamu | 3 | lulu.jpg || 8 | 110223232 | Bilqis Rhamadanti | Cijantung | 5 | bilqis.jpg || 9 | 110223173 | Kholilah Nurafifah | Pondok Duta | 2 | kholilah.jpg || 10 | 110223172 | Aisyah Nurul Fitriah | Jakarta Timur | 4 | aisyah.jpg |+----+-----------+----------------------+---------------+-----------+--------------+5 rows in set (0.451 sec)
MariaDB [dbkuliah]> INSERT INTO mahasiswa (Nim,Nama,Alamat,Idjurusan,Foto) VALUES-> (0110223259,'Wulan Ramadani','Kelapa Dua',1,'wulan.jpg'),-> (0110223238,'Luthfiyah Syaharani','Sugutamu',3,'lulu.jpg'),-> (0110223173,'Kholilah Nurafifah','Pondok Duta',2,'kholilah.jpg'),-> (0110223172,'Aisyah Nurul Fitriah','Jakarta Timur',4,'aisyah.jpg');Query OK, 4 rows affected (0.020 sec)Records: 4 Duplicates: 0 Warnings: 0
MariaDB [dbkuliah]> DESC mahasiswa;+-----------+--------------+------+-----+---------+----------------+| Field | Type | Null | Key | Default | Extra |+-----------+--------------+------+-----+---------+----------------+| id | int(11) | NO | PRI | NULL | auto_increment || Nim | int(11) | NO | | NULL | || Nama | varchar(30) | NO | | NULL | || Alamat | varchar(200) | NO | | NULL | || Idjurusan | int(11) | NO | | NULL | || Foto | varchar(30) | YES | | NULL | |+-----------+--------------+------+-----+---------+----------------+6 rows in set (0.027 sec)
MariaDB [dbkuliah]> SELECT * FROM mahasiswa;+----+-----------+----------------------+---------------+-----------+--------------+| id | Nim | Nama | Alamat | Idjurusan | Foto |+----+-----------+----------------------+---------------+-----------+--------------+| 1 | 110223259 | Wulan Ramadani | Kelapa Dua | 1 | wulan.jpg || 2 | 110223238 | Luthfiyah Syaharani | Sugutamu | 3 | lulu.jpg || 3 | 110223173 | Kholilah Nurafifah | Pondok Duta | 2 | kholilah.jpg || 4 | 110223172 | Aisyah Nurul Fitriah | Jakarta Timur | 4 | aisyah.jpg |+----+-----------+----------------------+---------------+-----------+--------------+4 rows in set (0.001 sec)
MariaDB [dbkuliah]> INSERT INTO mahasiswa (Nim,Nama,Alamat,Idjurusan,Foto) VALUES-> (0110223255,'Farindra Diaz Ibrahim', 'Kelapa Dua',3, 'diaz.jpg');Query OK, 1 row affected (0.010 sec)
MariaDB [dbkuliah]> SELECT * FROM mahasiswa;+----+-----------+-----------------------+---------------+-----------+--------------+| id | Nim | Nama | Alamat | Idjurusan | Foto |+----+-----------+-----------------------+---------------+-----------+--------------+| 1 | 110223259 | Wulan Ramadani | Kelapa Dua | 1 | wulan.jpg || 2 | 110223238 | Luthfiyah Syaharani | Sugutamu | 3 | lulu.jpg || 3 | 110223173 | Kholilah Nurafifah | Pondok Duta | 2 | kholilah.jpg || 4 | 110223172 | Aisyah Nurul Fitriah | Jakarta Timur | 4 | aisyah.jpg || 5 | 110223255 | Farindra Diaz Ibrahim | Kelapa Dua | 3 | diaz.jpg |+----+-----------+-----------------------+---------------+-----------+--------------+5 rows in set (0.001 sec)
MariaDB [dbkuliah]>
